{
  "formatVersion": 1,
  "database": {
    "version": 1,
    "entities": [
      {
        "tableName": "letter",
        "fields": [
          {
            "fieldPath": "id",
            "columnName": "id",
            "affinity": "INTEGER",
            "notNull": true
          },
          {
            "fieldPath": "subject",
            "columnName": "subject",
            "affinity": "TEXT",
            "notNull": true
          },
          {
            "fieldPath": "content",
            "columnName": "content",
            "affinity": "TEXT",
            "notNull": true
          },
          {
            "fieldPath": "created",
            "columnName": "created",
            "affinity": "INTEGER",
            "notNull": true
          },
          {
            "fieldPath": "expires",
            "columnName": "expires",
            "affinity": "INTEGER",
            "notNull": true
          },
          {
            "fieldPath": "opened",
            "columnName": "opened",
            "affinity": "INTEGER",
            "notNull": true
          }
        ],
        "primaryKey": {
          "columnNames": [
            "id"
          ],
          "autoGenerate": true
        },
        "indices": [],
        "foreignKeys": []
      }
    ]
  }
}